﻿<?xml version="1.0" encoding="utf-8"?>
<Elements xmlns="http://schemas.microsoft.com/sharepoint/">
  <Receivers ListUrl="/Lists/Tasks">
      <Receiver>
        <Name>StopTaskDeletionItemDeleting</Name>
        <Type>ItemDeleting</Type>
        <Assembly>SPDemo_EventReceiver_StopDeletion, Version=1.0.0.0, Culture=neutral, PublicKeyToken=02f7dcaa3707b8f5</Assembly>
        <Class>SPDemo_EventReceiver_StopDeletion.StopTaskDeletion.StopTaskDeletion</Class>
        <SequenceNumber>10000</SequenceNumber>
      </Receiver>
  </Receivers>
</Elements>
