﻿<?xml version="1.0" encoding="utf-8"?>
<Elements xmlns="http://schemas.microsoft.com/sharepoint/">
  <Receivers ListUrl="/Lists/Tasks">
      <Receiver>
        <Name>StopTaskDeletionItemDeleting</Name>
        <Type>ItemDeleting</Type>
        <Assembly>$SharePoint.Project.AssemblyFullName$</Assembly>
        <Class>SPDemo_EventReceiver_StopDeletion.StopTaskDeletion.StopTaskDeletion</Class>
        <SequenceNumber>10000</SequenceNumber>
      </Receiver>
  </Receivers>
</Elements>
